96-1,210000076
021-1,210000079
98-1,210000080
1707동서울-성주,241007117
1732동서울-영해,241002810
8721의정부-충주,241002200
8838-1천안-양평,241001920
8238평택-원주,241002070
90-6,215000221
67,204000125
021,210000092
9270인천-강릉,241002440
8808,210000096
57-2,210000097
602,204000115
76,204000121
2-5,200000251
8504부천-인천-무안,241003680
27,200000253
7,213000001
400-2,200000268
100,214000026
9216인천-태백,241002510
7-1,213000018
1,213000020
1-3,213000022
2,213000023
7-11,240000112
7-10,240000110
공영(쇄암리),232000024
M7145,232000110
8360문산-충주,241007046
6804성남-울산,241007120
8717의정부-동대구,241006843
1351,241007224
12-1,207000094
10-5,207000095
11-1,208000003
73-1,235000023
2-2,200000157
7-3,214000016
96,234000029
7,214000015
8315수원-괴산,241001650
3-1,208000034
2203원주-속초,241007011
8349(광명역-논산),241006794
5-1,208000037
5,208000042
1,208000043
5-5,208000044
5-3,208000045
8,208000046
7,208000047
3,208000048
3-1,208000049
9,208000050
10-2,208000051
10-1,208000052
5-1,208000053
6,208000054
06,208000055
6-1,208000056
6-2,208000057
6-3,208000058
2-1,208000059
2,208000060
01,208000061
82,208000062
5-2,210000015
5-5,210000018
7002예약,200000294
7-1,210000020
7-2,210000021
7-3,210000022
73,204000091
9,210000025
220,210000028
15-2,214000010
54-1,215000031
30(학통하교),223000143
1-3,215000033
1-4,215000034
1-5,215000035
8223수원-원주,241002050
15-1,214000007
8-1,214000025
8-2,214000024
8231강릉-안산,241001740
49-1,214000029
7-7,214000172
49,214000031
57-3,214000033
202(학통하교),223000135
8214수원-영월,241001670
13,214000036
14,214000038
7-6,214000162
202(학통등교),223000134
8708부천-상주,241003840
3,214000049
8209성남-태백,241001440
1-6,215000036
16,200000032
8209-1성남-태백,241003720
3206대전-원주,241006904
86-1,214000071
3202충주-원주,241007017
92,214000076
3201청주-원주,241007016
3200제천-영월,241007015
064,229000145
57-4,214000104
81,214000105
49-3,214000109
49-2,214000110
700,214000145
300,214000151
12,233000324
310-1,214000157
320,214000158
800,214000165
1308,241007203
5,214000167
2-1,200000249
27-8,200000306
91-1,214000174
310-3,214000175
320-2,214000176
38-12,234001019
2-1,214000181
38-10,234001564
920,214000185
920-1,214000186
8387수원-충주,241001640
310-3,214000188
700,214000190
8516,241007199
73,222000014
038,229000158
77(3),214000201
6,214000212
6-1,214000213
8,214000214
8-1,214000215
13A,214000216
13B,214000217
22,214000218
66A,214000219
66B,214000220
66-2,214000221
663,214000222
8243평택-춘천,241002690
666,214000223
8542의정부-군산,241003630
1-9,215000039
1-10,215000040
1-11,215000041
50-3,215000042
51-3,215000044
51-4,215000045
51-5,215000046
51-6,215000047
8338안산-태안,241006792
60-2,215000054
53-7,215000073
53-9,215000075
54-2,215000076
54-3,215000077
54-4,215000078
55-4,215000082
57-1,215000085
57-2,215000086
1307서초-남서울대,241001320
107,204000102
11-1,214000229
11,214000230
11-2,214000231
11-3,214000232
11-4,214000233
11-6,214000235
5-2,214000237
80-2,214000239
8530-1여주-전주,241002280
14-1,214000243
8350성남-제천,241001550
1206동서울-정선,241000720
1210동서울-원주,241000680
1205동서울-태백,241000470
50-1,215000001
50-2,215000003
51-2,215000007
8720부천-포항,241006570
8512부천-목포,241006490
1-1,215000026
1-2,215000027
91-3,215000208
61-1,215000063
30-7,216000005
40-10,240000171
70,216000012
314,216000015
100,213000012
31-3,216000018
20-42,234001615
20-41,234001472
78,216000022
78-1,216000024
72-1,216000025
33-1,216000032
8329부천-진천,241000060
3-1,216000048
1329-1남부-죽산,241007137
1-1,216000052
2-1,216000053
8344고양-논산,241000330
5B,216000056
88-1,216000057
88-1,216000058
33-2,216000059
8317안산-천안,241006170
8848,216000062
8307시흥-대전,241006180
511-1,216000065
3-2,204000087
017A,218000042
1323-1,241007239
5601,217000011
3,204000089
05,218000004
3-1,204000088
37,218000016
73맞춤형,204000143
73-1,204000092
043,218000023
025,218000024
3305청주-충주,241007025
026,218000025
036,218000026
037,218000027
058,218000028
059,218000029
057,218000032
062,218000033
056(멱절),218000035
056(서촌),218000036
061,218000037
015,218000038
018,218000039
019,218000040
016,218000041
013,218000043
077,218000044
076,218000045
093,218000046
094,218000047
011,218000048
012,218000049
066,218000050
068,218000051
069,218000052
090,218000053
091,218000054
032,218000055
031,218000056
035,218000057
030,218000058
023,218000060
024A,218000061
027,218000062
028,218000063
029,218000064
072,218000065
071,218000066
073,218000067
074,218000068
079,218000069
59-1,215000090
59-2,215000091
52-3,215000093
51-1,215000006
56-4,215000095
8-8,222000183
57-3,215000097
56-5,215000098
56-6,215000099
54-5,215000100
60-6,215000105
1-12,215000107
51-8,215000108
51-9,215000109
51-11,215000110
51-13,215000112
60-7,215000113
60-8,215000114
60-10,215000117
2-2,215000120
2-3,215000121
2-5,215000123
2-7,215000125
57-4,215000126
1-13,215000127
53-2,215000128
55-8,215000132
55-11,215000135
7000A,241007165
96-1,214000035
22,214000149
21,214000042
8305이천-대전,241002220
8306여주-대전,241006881
1-14,215000154
59-4,215000156
53-14,215000159
39-5,215000160
57-5,215000161
5801여수-고양,241006799
32B,225000011
60-9,215000167
35,217000010
33,216000017
54-2,215000172
53-2,215000173
51-7,215000174
51-10,215000175
80,215000176
80-1,215000177
80-3,215000179
5802광주광역-이천,241002210
51-8,215000204
31,216000036
1000-2,222000136
115,204000101
83,222000138
111,204000103
99,222000141
99-1,222000142
99-2,222000143
109,204000100
3806이천-청주,241002290
054,218000075
053,218000076
052,218000077
055,218000078
051,218000079
033,218000080
097,218000081
098,218000082
099,218000083
021,218000084
020,218000085
078,218000087
040,218000088
041,218000089
042,218000090
045,218000091
048,218000092
075A,218000093
047,218000094
075B,218000095
046,218000096
038,218000097
050,218000098
010,218000099
039,218000100
8843-1마석-인천공항,241005880
33,219000003
땡큐70,222000189
9701안동-인천공항,241003990
55-2,219000010
022,218000059
76,219000017
20,219000019
27-1,200000255
40-3,239000076
31-20,220000011
8509,241005070
2,220000018
3,220000019
3-1,220000020
5,220000021
15-5,221000019
15-6,221000020
15-5,221000021
15-6,221000022
15-6,221000024
6,221000026
2-1,221000029
5-3,222000212
30-19,222000207
1,217000001
20-3(대광1차A),233000183
10-6,222000025
30-5,222000036
30-6,222000037
30-8,222000039
1115-7,222000044
8235부천-원주,241001130
3,222000051
8,222000053
99-2출퇴근,222000144
99-2단축,222000145
88-2,222000147
88-3,222000148
77,222000149
80,222000150
82A,222000151
82B,222000152
2,222000153
2-2,222000154
2-1,222000155
88,222000156
61,222000157
65,222000158
60,222000159
63,222000160
64,222000161
33-1,222000163
85,222000164
2017,222000166
7,221000027
8227시흥-강릉,241006380
1336-1동서울-청주,241000920
25,222000171
26,222000172
013-4,210000100
M5443예약,200000295
8228부천-강릉,241006390
8415안산-평택,241004670
1328동서울-대소-음성,241007002
70,223000004
8395수원-제천,241101730
2,221000028
70-2,223000021
7-1,221000038
8515부천-목포,241001100
2-2,221000039
50,223000026
111-2,223000029
700,223000031
8-1,222000054
30-13,222000062
1-8,215000038
3-3,222000071
21-11,234000482
91-2,215000207
30-18,222000087
5,222000094
8,222000097
99,222000099
6-3,222000102
6-5,222000103
91-1,222000104
13,222000112
13-2,222000113
13-4,222000114
13-5,222000115
13-6,222000116
13-7,222000117
13-8,222000118
13-1,222000119
13-3,222000120
13-9,222000121
1115,222000123
8-2,222000124
74,222000125
1000-3,222000126
8002-2,222000127
2000-2,222000128
7007-2,222000129
1000-2,222000130
167-2,222000132
55-1,222000134
2015,222000135
20,224000018
38-42,234001021
31-1,224000023
20-2,224000026
37,224000031
120,224000032
3003도봉산-화지,241004250
50,224000039
28-1,224000041
29-1,224000042
1,224000043
2,224000044
28-1,224000048
50-1,204000133
70,205000001
10,225000003
066,229000199
06,226000003
06-1,226000004
10-1,226000005
10,226000006
01,226000007
05,226000008
02,226000009
05-1,226000010
11,226000012
12,226000013
13,226000014
09C,226000015
09B,226000018
07B,226000019
07C,226000020
07D,226000021
8,204000107
202-1,222000012
25-2,200000056
78,204000154
6-1,227000025
7,227000026
8,227000027
2,227000028
20,227000029
2-1,227000030
1,227000031
7-1,227000032
50,227000033
5,227000034
C1,223000138
77,204000108
C1,223000139
1,227000041
2,227000042
20-1,228000014
91-2,228000065
93-2,228000083
1640,222000203
83-1,228000098
86,228000101
96,228000107
8213수원-강릉,241001630
86-1,228000123
85-1,228000135
1351,241007220
94,228000142
94-1,228000144
85,228000145
1-9,215000203
97-1,228000150
1355동서울-연풍,241003030
7-2,223000034
7-6,223000040
10-1,223000048
10-4,223000049
7-7,223000051
1-8,221000036
72,223000057
8238-1평택-태백,241007062
1-4,215000202
4603안양-진주,241007053
710,223000083
720,223000084
9322인천-진천,241100050
220,223000089
711,223000095
221,223000096
230,223000097
222,223000098
200-1,223000101
202-1,223000102
8-1,223000103
7-1,223000104
7-3,223000106
90-1,223000109
200,223000093
2222,999000107
90-2,223000110
77,223000112
500,223000114
100,223000115
123,223000116
10,223000117
88,223000118
53,223000119
8906,234001235
57,223000123
56-2,223000124
56,223000125
55,223000126
8608-1수원-울산,241007132
N7200-1(고양),241007214
31-5,224000006
350,229000081
19-1,229000086
2300,229000096
30-20,222000065
777번,229000098
2000-1번,229000099
71-2,216000008
22-2,229000104
2500,229000105
351,229000106
16,229000107
30-21,222000198
83-3,228000167
75,235000011
85-2,228000172
8707안산-점촌,241007055
5800,228000185
1503 동서울-여수,241000510
8231-1안산-강릉,241001741
1706동서울-안동,241000550
8514성남-여수,241003670
3333,999000108
72-1,228000205
개성공단,249000001
76-10,228000212
8207여주-원주,241006876
75-1,228000215
3-1,228000216
1231동서울-양평-홍천,241006995
13-1,228000237
82-2,228000243
87-2,228000244
87-3,228000245
87-1,228000247
5-1,200000077
98,228000257
14-2,228000260
13,228000261
76-11,228000225
89-1,228000264
6-1,228000265
8506수원-무안,241006908
74-1,228000272
53-4,215000217
100,228000275
2-2,228000279
77-1,228000280
5000-1,228000282
5005-1번,228000283
5005-1,228000284
80,227000009
82,227000013
83,227000014
3901증평-인천공항,241007032
82,227000018
100,227000020
3,227000021
3-1,227000022
10,227000023
6,227000024
5-1,228000312
99,228000313
88A,228000314
88B,228000315
35,228000316
35-1,228000317
35-3,228000319
23,228000320
20,228000321
23-1A,228000322
20-1A,228000323
23-2,228000324
20-2,228000325
20-1B,228000326
23-1B,228000327
22,228000328
40,228000329
57,228000330
57-1,228000331
59,228000332
25-1,228000333
24,228000334
39,228000335
39-1,228000336
57-2,228000337
29,228000338
59-1,228000339
39-2,228000340
39-3,228000341
33,228000342
34,228000343
36,228000344
31,228000345
28,228000346
33-1,228000347
31-1,228000348
34-1,228000349
34-2,228000350
28-1,228000351
54,228000352
19,228000353
51,228000354
51-1,228000355
18(A),228000356
32,228000357
38,228000358
53,228000360
30,228000361
55,228000362
56,228000363
58,228000364
17(A),228000365
17(B),228000366
28-2,228000367
58-1,228000368
38-1,228000369
18(B),228000370
28-3,228000371
45A,228000372
45B,228000373
5-1,228000375
26,228000376
21,228000377
26-1,228000378
21-1,228000379
26-2,228000380
21A,228000381
49,228000382
50,228000383
25,228000384
38-14,234001027
14,229000006
19,229000009
8136동서울-송탄,241002910
30-1,229000011
3804천안-이천,241007079
94,229000109
77-1,229000110
3803아산-이천,241002710
10-1,229000113
2100,229000115
77-4,229000119
77-5,229000120
14-3,229000122
14-2,229000123
14C,229000124
27-6,200000275
3300성남-연천,241006953
14-1,229000141
063,229000144
9-2,214000247
12-1,229000014
11-3,229000016
9-1,214000189
50,229000019
91,229000031
35,214000051
999(임시),200000301
51,229000037
400(임시2),200000305
73,229000040
81-2,235000025
1-1,229000047
500,229000048
100-8,229000049
100-94,229000050
100-10,229000051
100-11,229000052
100-88,229000053
100-9,229000054
100-87,229000055
100-86,229000056
100-7,229000057
1-2,229000058
1-3,229000059
27-4,234000547
27-21,234001105
27-10,234001102
550,229000066
77,229000078
6803해운대-동두천,241004590
6802부산-이천,241003940
8369강화-충주,241004480
13-1,230000003
17,214000113
1101,241007204
24-21,230000090
22-5,230000099
23-10,230000108
22-22a,230000109
8550부천-광주,241001050
24,230000121
24-42,230000125
21-7,230000126
24-71,230000133
24-72,230000134
24-21,230000139
22-62,230000141
28-18,230000146
24-13,230000147
217,230000149
219,230000150
203,230000151
201,230000152
202,230000153
206,230000154
211,230000155
212,230000156
216,230000157
234,230000158
235,230000159
205,230000160
231,230000161
232,230000162
233,230000163
242,230000164
243,230000165
245,230000166
246,230000167
247,230000168
248,230000169
251,230000170
252,230000171
253,230000172
272,230000173
273,230000174
208,230000175
21-17,230000177
88,231000009
88-1,231000010
80,228000288
80-1,228000289
80-2,228000290
810,228000291
810-1,228000292
810-2,228000293
11,228000294
15,228000295
17-1,228000297
15-1,228000298
17(B),228000299
14-1,228000300
14,228000301
14-2,228000303
15-3,228000304
1,228000305
16,228000306
5,228000307
82,228000308
2-1,228000309
82-1,228000310
1-1,228000311
60-2,231000036
20-4,231000039
8719수원-예천,241007057
20-7,231000043
8609수원-포항,241007152
8526성남-정읍,241001540
50-4,231000052
50-9,231000055
60-4,231000057
35-1,231000060
3-6,231000066
1,207000016
1304-1동서울-충주,241006941
2-7,231000076
10-1,231000079
10-3,231000080
50-9,214000246
10-5,231000083
5-4,231000084
370-1,231000089
38-2,231000091
2-9,231000095
3007성남-와수리,241006821
2-10,231000104
1303동서울-음성,241006999
2201태백-원주,241002840
1-10,231000112
5-6,231000113
20-5,231000114
60-5,231000115
55-1,231000120
1304동서울-목계-충주,241006942
17-1,231000123
17-2,231000124
5,228000374
3-6,231000127
075,229000147
035,229000151
034내포리,229000153
034축현리,229000154
064쌍둥이,229000155
064재활용,229000156
088중학교,229000157
084,229000159
092-2석장,229000164
092-3장남,229000165
092-3구미,229000166
092-3전동,229000167
092-3원당A,229000168
092-3원당B,229000169
092-3학곡,229000170
092-2백학,229000171
092-3주월,229000172
051,229000173
051B,229000174
052,229000175
050,229000176
058임진각행,229000177
058마정행,229000178
058운천행,229000179
058운천+임진각행,229000180
030탄현A,229000181
032,229000182
030A,229000183
11,232000119
2,200000098
55,200000100
33,223000122
9311인천-제천,241004360
38,234000805
5200,200000111
99번(학통),223000137
40-1,200000121
999-1,200000122
40,200000123
1560-1,200000124
25-1,200000129
303,200000132
33-1,223000121
99,223000120
50-5,215000104
9(학통),223000144
7-1,204000112
13-3,200000143
27-1,200000147
90-5,215000220
3800,200000156
27-5,200000158
8,200000163
81,200000164
1,200000166
99-1,200000172
82,200000176
13-6,200000184
1801,241007205
20-2,200000189
47,200000190
85,200000197
57,200000200
9-2,200000201
62,200000203
53,200000204
3900,200000209
82-8,200000210
4-2,200000212
3000급,200000213
3000전,200000214
3002전,200000215
3003급,200000216
3003전,200000217
3007급,200000218
3007전,200000219
5100급,200000220
5100전,200000221
7000급,200000222
8800전,200000223
5300전,200000224
7770전,200000225
7780전,200000226
3000A,232000093
400-1,200000009
990,200000012
1320남부-두원공대,241007092
2-5,200000017
83,200000021
16-2,200000034
311,200000036
90-1,228000285
5,214000182
1339남부-진천,241007093
24,200000057
45,200000058
36,200000061
58,200000063
26,200000066
63-1,200000067
8513안양-목포,241006500
46-1,200000086
39,200000088
52,200000092
7790급,200000228
7800급,200000229
8800전,200000230
54,200000231
17,200000232
3900전,200000233
90,200000235
34,240000198
63-3,200000238
8222부천-강릉,241001040
22-2,200000240
123,200000241
1,200000243
2,200000244
3,200000245
6,200000246
7,200000247
5,200000248
8354용인-청주,241002030
2-3,200000250
28-17,234001219
21,200000252
25,200000254
25-1,200000257
25-2,200000258
400-5,200000261
5,214000196
2-3,200000264
88,214000225
9701-1안동-인천공항,241007135
787,200000267
77,214000200
123B,200000270
123C,200000271
1005,200000273
1005전,200000276
123C,200000278
2,204000008
310,204000009
15,204000010
88,204000014
55-1,204000015
110,214000011
90-1,215000198
8501수원-여수,241007050
1251,204000035
2003,204000036
9205,241007232
9005,204000042
370,204000045
380,204000049
360,204000050
310,204000052
320,204000053
252,204000062
1121,204000066
280,204000068
8131,204000069
111,207000012
110,204000075
330출,204000077
1002,204000080
3-7,204000090
21,204000093
3-5,204000094
3-6,204000095
7,204000096
7-2,204000097
10,204000098
05,226000024
3-3,204000105
75맞춤형,204000109
25,204000110
602-2A,204000118
602-1C,204000119
2,204000122
1,204000123
19,204000124
71,204000126
21-1,207000061
55-2,207000062
10-2,207000063
10-3,207000067
7-1,207000072
36-1,207000073
11-1,207000074
17,207000075
1-3,207000076
10-5,207000077
7-2,207000078
9,207000079
22,207000082
8-1,207000083
22,207000084
100-1,214000027
10-3,207000086
26,207000089
8-2,207000090
27,207000091
810,204000127
811,204000128
812,204000129
53-10,215000096
260,204000132
누리1-1,204000134
32-1,204000135
232,204000140
081,218000072
080,218000070
231맞춤,204000148
303,206000002
1313서초-천안-유구,241001280
9414,206000005
1151,206000006
1-6,207000010
089,218000073
21,207000015
54-1,215000171
2,207000017
28,207000018
082A,218000071
082B,218000118
63,200000042
50,207000037
51,207000039
55-1,207000041
55,207000042
35-1,207000047
12-3,207000048
30-2,207000055
7800전,200000227
6-1,210000030
70-1,210000031
38-43,234001122
3000금촌-인천,241006030
8634경기광주-창원,241006877
8602의정부-창원,241006849
065-1,229000203
5-6,210000047
15,210000048
3-1,210000050
96,210000053
8530이천-전주,241102280
1713동서울-포항,241000390
3800고양-청주,241000350
96-1,210000070
33,210000071
73-3,235000027
88-1,210000074
8746하남-동대구,241006903
3309당진-제천,241006905
6900동서울-인천공항,241006906
6701,241007129
5,221000030
602-1B,204000117
602-1A,204000116
28,235000102
50,235000100
8911,241004080
5201군산-원주,241004180
9802,241005300
9801,241005320
8471,241005330
1802상봉-여주,241005460
1223동서울-비발디,241005490
1218동서울-춘천,241005500
1204동서울-춘천,241005510
9283인천-춘천,241005540
8226성남-춘천,241005560
2305춘천-천안,241005570
2809춘천-안산,241005590
8254고양-춘천,241005600
8809수원-가평,241005610
61-8,215000106
61-7,215000069
8335수원-아산,241006150
8336안산-서산,241006160
61-5,215000067
61-3,215000065
61-2,215000064
602-2B,204000120
3701,241001210
8446,241001230
8203평택-태백,241006900
8212성남-강릉,241001520
9601부천.인천-창원,241007105
2000-3,240000202
4100-1,241006915
4100-2,241006916
1249동서울-춘천-화천,241006918
1214동서울-성-태백,241006936
1215동서울-영-태백,241006937
1207동서울-춘천-화천,241006939
1305동서울-보령,241006940
9007-1,204000158
8392성남-감곡,241001600
8416,241001620
078,229000146
8302시흥-대전,241001760
3802,241001850
8838아산-이천,241001890
27-3,234000544
27-2,234000542
1322-1,241006947
1325-1,241006948
27-1,234000540
202,233000144
9221인천-원주,241006963
4324고양-부여,241006954
9504인천-진도,241007098
8709성남-안동,241001390
7201서대구-춘천,241007107
31-9,224000005
8393,241006968
8435-1,241006971
1710동서울-온정,241000950
5203순천-춘천,241006989
1227상봉-속초,241006990
1226동서울-횡성,241006993
1229상봉-홍천,241006994
1233상봉-원통,241006996
1234서초-원주,241006997
1306서초-아산,241007000
1335동서울-건국대,241007004
1347-1,241007006
1707서울-풍산,241007009
1725서초-점촌,241007010
083,229000162
151,233000323
3812-1,241001950
2202영월-태백,241001970
013-2,210000084
2300원주-천안,241002130
2302태백-당진,241007012
8508의정부-청주,241002190
38-11,234001592
3210제천-강릉,241007021
M7106,218000012
3404진천-성남,241007029
3807,241007030
3408도고온천-오산,241007031
4204수원-태백,241007033
8215,241007036
4217광명-원주,241007037
8208부천-속초,241007038
8219여주-속초,241007039
8220안양-인제-속초,241007040
3310,241002300
8382이천-무극,241002320
4716이천-문경-은척,241002330
8388장호원-괴산,241002370
8706수원-점촌,241001710
1353,241002650
3302청주-유성-서대전,241002670
4309호평동서울-청주,241007041
8319,241007042
4322호평동서울-보은,241007043
4328평택-제천,241007044
4347부천-논산,241007045
66,216000002
33A,214000252
5000문산-부천,241006040
8141동서울-송탄,241003440
4520호평동서울-여수,241007051
4600안양-울산,241007052
4704오산-안동,241007054
4711의정부-안동,241007056
8311-1,241007064
8312장호원-조치원,241007065
1200,241007068
7800(퇴근예약),200000324
984,234000691
033탄현중,229000184
030B,229000185
033,229000186
030금승A,229000187
037,229000188
037광일중,229000189
080A,229000190
080B,229000191
081,229000192
030탄현B,229000193
030금승B,229000194
061,229000195
062,229000196
062(등교시,229000197
065-1,229000202
053세성,229000204
053마정,229000205
054-1주공,229000206
054-2주공,229000207
054-3한양,229000208
054-4북중,229000209
055마정,229000210
055세성,229000211
055선유,229000212
055월롱,229000213
055임진,229000214
054-5행복,229000215
054-6문산,229000216
054-7한양,229000217
054-8문산,229000218
067,229000219
021,229000220
017,229000221
017-1,229000222
017-2,229000223
017-3,229000224
021-1,229000225
021-2,229000226
091A,229000227
091B,229000228
011,229000229
068,229000230
022,229000231
069,229000232
069등하교,229000233
082-1,229000234
34,223000136
7501,229000245
땡큐70,222000188
20(마산포),233000153
20(어도동내),233000154
20(어도펜션),233000155
시영1(사곳.궁평),233000156
시영1(궁평리),233000157
시영1(궁평.사곳),233000158
시영1(지화2리),233000159
"공영2(송정리,시청,대광1차A)",233000160
"공영2(삼존2,3리,시청,대광1차A)",233000161
"공영2(슬랑2리,금당2리)",233000162
공영2(지화2리),233000163
"시영3(청원3리,삼존2,3리)",233000167
"시영3(삼존2,3리,청원3리)",233000168
"시영3(슬항2리,금당2리)",233000169
시영4(삼존2.3리),233000170
"시영4(도말.고포2,3리)",233000171
"시영4(마산2리.고포2,3리)",233000172
"시영4(돌내,독지2리)",233000173
11,231000129
11,231000131
88,232000001
8450수원-고양,241006120
84,232000012
842,232000013
07,226000016
9-1,232000019
공영(대곶신사거리),232000021
공영(학운리5리),232000022
1330남부-진천,241007003
88-1,232000030
201,232000036
202,232000037
75,204000142
9204,241007197
80,232000051
9004번,232000053
300,232000059
380,232000060
3100,232000062
8329부천-진천,241007150
20,232000074
36,214000050
1352서울-세종,241007226
9-2,232000077
108,219000007
15-4,214000030
8601(예약),232000084
1,227000051
1101서울-담양,241007248
20-1,214000241
30-17,222000204
1-7,231000022
51,235000101
9742인천-포항,241006470
8303부천-증평,241006912
8303-1안양-증평,241007028
58-A,210000098
89-1,236000200
73-2,236000216
9577인천-남원,241006841
100,234001696
22-2,233000071
9553인천-광양,241006978
44,233000082
8449수원-동아대,241001660
333,233000088
333-1,233000089
77-1,233000092
80,233000093
8426김포-수원,241000090
15,224000055
22-3,233000097
79,233000099
11-1,233000104
시영4(솔미.구렛골),233000174
"20-2(신천리,천등리,화석지)",233000175
"20-2(용포리,고정리)",233000176
"20-2용포리,공룡알화석지",233000177
"20-2(신천리,고정리)",233000178
"20-2(용포리,신천리,고정리)",233000179
20-1(백곡리),233000180
8459안산-동아대,241006975
"20-1번(백곡리,고모리,마도)",233000181
20-1(독지2리),233000182
20-3(왕모대),233000184
20-3(왕모대.대광1차A),233000185
20-1(홍법리회관),233000186
시영3(솔미.구렛골),233000187
시영3(장문지화1리),233000188
시영3번(지화2리),233000189
시영4(돌내.형도),233000190
"시영4(형도,고포2,3리)",233000191
시영4(독지1리돌내),233000192
11-3,233000194
11-2,233000195
11,233000196
12,233000197
13,233000198
27,233000200
27-1,233000201
22-4,233000106
500,233000113
709,233000114
709-1,233000115
500-3,233000121
76,233000122
701-1,233000127
1008전,233000129
1560A,233000132
200,233000137
6-3A,233000138
25,207000013
51,215000005
38-2,233000143
702,233000145
9A,233000146
19A,233000147
9-1,233000148
19-1,233000149
9B,233000150
19B,233000151
5,233000152
2000,232000091
90-4,215000201
5500-1,234000001
1116,234000005
765,234000006
065(봉중하교),229000270
76-8,228000222
065(봉중등교),229000201
7-1,232000101
6800,234000018
1115-2,234000019
116-3,234000022
065(봉고),229000200
112,234000036
15,200000105
500,234000043
720,234000047
1115,234000048
1119,234000049
5500,234000052
77-1,234000055
52,234000071
1-5,234000073
11-1,215000231
60-1,215000232
8517부천-광주,241006480
94-1,214000084
5800부천-여수,241006867
33,233000008
33,233000009
1111,234000318
32-5,234000330
7200,234000342
1500-3,234000343
58-4,234000352
50-1,234000353
55-7,234000356
55-9,234000358
56,234000363
56-1,234000364
55-4,234000366
989-2,234000367
55-5,234000370
50,234000374
58-11,234000382
58-12,234000385
58-7,234000387
50-4,234000389
50-2,234000391
50-11,234000393
50-12,234000396
50-14,234000398
50-18,234000399
61-3,234000402
61-1,234000405
61-2,234000406
987-1,234000414
982,234000415
51-9,234000416
58,234000418
62-4,234000424
62-2,234000427
50-5,234000431
51-18,234000434
51-17,234000437
51-16,234000439
51-15,234000440
59-9,234000442
58-18,234000443
51-13,234000445
7602대구서부-해인사,241007106
24-41,234000465
24-6,234000471
21-5,234000474
21-6,234000475
22-7,234000479
27-2,233000202
17-1,233000203
50-2,233000204
50-5,233000205
7,233000206
8A,233000207
8,233000208
9,233000209
9-1,233000210
6-3,233000211
7-1,233000212
22-2,233000213
22-4,233000214
5-1A,233000215
5-2,233000216
5,233000217
50-1,233000218
50-3,233000219
50-4,233000220
50-6,233000221
50-7,233000222
50-8,233000223
50-9,233000224
5-1B,233000225
10-2,233000227
10,233000228
10-1,233000229
10-3,233000230
10-4,233000231
10-5,233000232
36-2,233000233
36-3,233000234
36-1,233000235
36,233000236
39,233000237
39-1,233000238
39-2,233000239
37,233000240
13-3,233000241
13-2,233000242
13-1,233000243
31,233000244
6-1,233000245
35-1,233000246
35-2,233000247
66,233000248
35-3,233000249
35-3A,233000250
15-2,233000251
66A,233000255
35-4,233000256
703,233000257
81,233000259
20-4,233000261
2000A,233000263
2000B,233000264
24-40,234001090
1733동서울-낙동-안계,241000370
24-60,234001094
21-60,234001095
22-70,234001096
21-13,234001097
23-15,234001098
1217동서울-영월-태백,241002850
25-5,200000234
26-10,234001101
29-60,234001109
59-19,234001112
23-51,234001117
38-20,234001123
33-10,234001125
21-14,234001126
22-27,234001132
21-12,234000481
36-2,234000489
701B,233000352
36-4,234000573
38-9,234000599
51-3,234000651
52-7,234000653
54-9,234000654
59-21,234000655
59-24,234000656
54-6,234000657
62-6,234000658
54-1,234000659
59-13,234000660
61-5,234000662
52-5,234000663
58-14,234000664
52-9,234000665
59-17,234000667
59-4,234000668
59-11,234000669
56-9,234000670
52-10,234000671
59-8,234000672
62-3,234000674
52-11,234000675
62-7,234000676
58-13,234000677
58-16,234000678
58-15,234000679
61-11,234000680
59-2,234000681
52,234000682
59-3,234000683
52-12,234000684
59,234000685
52-14,234000686
52-15,234000688
59-5,234000689
984-2,234000694
983-2,234000695
54-3,234000696
56-10,234000698
61-7,234000699
52-2,234000700
61-6,234000701
62-1,234000702
54,234000703
51,234000706
50-6,234000707
59-22,234000708
51-2,234000710
975-1,234000711
58-3,234000712
58-20,234000713
56-2,234000715
50-20,234000716
50-19,234000718
51-11,234000719
112-3,234000076
065,229000198
101,228000256
1550-3,234000139
50-15,234000175
58-2,234000210
1550-2,234000312
9001,234000315
50-21,234000848
50-7,234000851
50-8,234000852
50-9,234000853
50-10,234000854
50-16,234000855
987-4,234000856
55-10,234000857
55-11,234000858
55-12,234000859
61-4,234000863
51-10,234000864
50-13,234000865
50-17,234000866
58-9,234000867
51,200000093
8131,234000881
8382연천-대전,241007066
1002,234000885
110,234000891
51-4,234000892
52-6,234000895
52-8,234000896
55-3,234000898
34-51,234000915
34-53,234000917
34-54,234000920
34-55,234000921
34-56,234000922
35-22,234000926
58-8,234000943
58-6,234000944
36-82,234000945
37-11,234000948
33-16,234000965
33-13,234000974
33-21,234000977
36-41,234000981
737,241006320
36,234000999
36-3,234001000
37-5,234001002
37-4,234001004
37-41,234001005
37-1,234001006
8414,241006560
82-2,200000048
38-13,234001020
2-25,234001024
24-70,234001134
28-13,234001135
1-10,234001139
34-10,234001141
34-11,234001142
34-14,234001143
34-15,234001144
35-8,234001147
38-7,234001151
38-6,234001152
38-25,234001154
38-10,234001155
2-23,234001157
1553,234001160
24-20,234001167
24-47,234001169
24-48,234001170
28-16,234001171
28-31,234001175
28-20,234001176
28-20,234001177
28-52,234001181
35-23,234001031
35-38,234001032
2-24,234001035
35-39,234001036
35-22,234001037
35-33,234001038
35-31,234001039
3810안양-청주,241001870
36-71,234001041
38-3,234001045
33,234001050
33-3,234001052
3,234001053
1501,241007227
37,234001058
35-24,234001061
7770(예비),200000316
8346용인-충주,241003490
28,234001064
24-32,234001071
29-30,234001072
22-80,234001073
28-12,234001076
22-10,234001080
23-21,234001086
23-40,234001087
59-21,234001275
61-15,234001276
7501,234001277
35-19,234001278
21-15,234001280
29-32,234001281
M5414,234001285
27-41,234001289
912B,234001295
918,234001298
919,234001300
928,234001302
980,234001306
980A,234001307
980B,234001308
988,234001309
914,234001312
35-38,234001316
226,234001319
236,234001320
237,234001321
254,234001322
255,234001323
256,234001324
261,234001325
262,234001326
263,234001327
264,234001328
265,234001329
266,234001330
267,234001331
268,234001332
269,234001333
271,234001334
213,234001335
214,234001336
215,234001337
225,234001338
221,234001339
222,234001340
223,234001341
224,234001342
204,234001344
207,234001345
275,234001347
276,234001348
277,234001349
278,234001350
279,234001351
281,234001352
282,234001353
283,234001354
284,234001355
285,234001356
286,234001357
287,234001358
288,234001359
289,234001360
3301청주-제천,241007022
H10,233000341
23-14,234000761
707,216000001
8118서초-국제대,241003340
23-3,234000767
23-83,234000772
23-11,234000778
23-91,234000779
24-2,234000784
24-12,234000785
38-4,234000801
35-9,234000802
38-41,234000803
38-5,234000804
61-8,234000845
33-1,234000847
923-2,234001407
913-1,234001416
913-4,234001419
911-4,234001421
975-2,234001422
974-3,234001423
960-2,234001424
960-3,234001425
989-1,234001427
989,234001428
989-4,234001429
988-5,234001430
981-1,234001433
987-5,234001435
980-1,234001440
987-4,234001444
991-2,234001445
930-2A,234001447
930-2B,234001448
930-1A,234001449
930-1B,234001450
950-2,234001451
930A,234001452
930B,234001453
20-52,234001455
22-28a,234001457
935B,234001460
5008,234001461
23-96,234001465
24-22,234001466
24-23,234001467
89-2,236000201
29-11,234001473
28-83,234001474
8402,234001477
918-3,234001480
918-4,234001481
930-3,234001482
932-1,234001483
29-92,234001184
29-21,234001189
29-20,234001190
29-41,234001191
29-90,234001192
29-93,234001193
24-10,234001195
29-94,234001199
3000,213000028
20-6,234001205
22-14,234001207
22-31,234001208
23-16,234001210
24-61,234001212
25-10,234001214
25-12,234001215
25-13,234001216
25-81,234001217
24-30,234001221
24-62,234001222
23-95,234001225
28-14,234001226
28-15,234001227
29-11,234001228
21-41,234001229
24-49,234001231
730,234001233
2-26,234001238
30-6,234001240
M7613,234001242
22,200000239
3902청주-인천공항,241003960
11,210000026
76-9,228000211
9305(충주-인천공항),241002680
1560-11,234001256
1552,234001258
55-15,234001262
59-10,234001263
51-19,234001264
51-22,234001265
51-20,234001266
51-21,234001267
58-20,234001269
54-11,234001270
5500-3,234001273
50-2,235000034
4,235000036
4(아침),235000037
13,235000038
14,235000039
17A,235000040
18,235000041
14첫차,235000042
17첫차,235000043
17B,235000044
18아침,235000045
18막차,235000046
3-3,235000047
2,235000048
2-1,235000049
2-2,235000050
10(한시운),235000053
10,235000054
2-4B(전체),235000055
12(공영),235000056
12(A),235000057
12(B),235000058
12(C),235000059
12(D),235000060
15,235000061
15첫차,235000062
15-1,235000063
15-1첫차,235000064
15-1막차,235000065
15막차,235000066
15상행,235000067
15하행,235000068
15-1긴급,235000069
3,235000070
3-1,235000071
3-4,235000072
3첫차A,235000073
3첫차B,235000074
3-2,235000075
16B,235000077
16아침,235000078
16저녁,235000079
952-5,234001492
953-1,234001494
953-4,234001496
955,234001498
961-3,234001501
966,234001503
961-4,234001505
912-3,234001506
988-6,234001508
88-1,200000199
10-6,234001512
918-5,234001513
961-5,234001514
33-31,234001523
37-21,234001525
8409B,234001527
21-92,234001530
21-93,234001531
28-45,234001536
924A,234001541
930-5B,234001546
982-1,234001547
915-4,234001549
971-2B,234001552
918-6,234001554
918-8,234001555
918-9,234001556
23-91,234001558
34-11,234001562
34-15,234001563
292,234001362
293,234001363
294,234001364
295,234001365
274,234001366
12-1,234001368
914-1,234001369
911,234001372
911-3,234001374
950-1,234001376
952-4,234001378
960-1,234001382
912-1,234001386
951-1,234001389
938,234001392
965A,234001393
965B,234001394
965-2,234001395
975,234001398
974-2,234001399
964-1,234001404
3008인천-동송,241007063
906,234001616
9000-1A,234001617
902-1,234001625
902-2,234001626
904B,234001628
905-1,234001629
905-2,234001630
905-3,234001631
940,234001632
941,234001633
942,234001634
943A,234001635
943B,234001636
944A,234001637
944B,234001638
924-1B,234001645
930-1A,234001646
930-1B,234001647
930-2A,234001648
36-2B,234001649
36-6B,234001654
36-8A,234001655
521-1,234001658
930-3,234001670
71,235000003
78-1,235000082
8608부천-울산,241007130
77A,213000025
9560인천-부안,241002480
28-10,234001607
702,235000098
1326동서울-진천,241000030
20-21,234001200
56-3,236000004
56-4,236000005
56-5,236000006
56-6,236000007
400(임시1),200000304
58,236000010
53-1,236000011
59,236000014
70,235000005
79,235000013
37,235000016
48,235000018
21-10,234001230
56,222000089
85,235000026
83-3,235000029
85-1,235000030
28-1,235000031
48-1,235000032
53-7,215000218
53-6,215000010
138-2,236000118
63-3,236000124
59-1,236000125
66-2,236000128
20,236000130
5,236000135
7-3,236000138
20-1,236000142
56-12,236000143
56-2,236000144
68-1,236000147
30-14,222000042
38-2,236000150
73-3,236000151
30-2,222000035
10-1,236000155
63-4,236000157
5-1,236000158
138-8,236000159
138-9,236000160
88,236000161
67-1,236000162
67-2,236000163
59-2,236000164
59-3,236000165
55-5,236000166
138-7,236000167
73-4,236000168
5-2,236000169
10-2,236000170
71,236000171
3800,236000174
1-1,236000175
25-2,207000096
56-13,236000177
3100-1,236000178
74,236000179
59-1,236000180
66-3,236000181
5-1,236000184
20-1,236000185
138-1,236000186
64,236000187
9-1,236000189
76,236000191
5-2,236000192
71-1,236000193
70-3,238000027
58,236000195
110,234001569
38-85,234001571
86,232000038
1550-3A,234001579
83,227000015
904,234001589
2-27,234001591
905,234001598
956,234001600
957,234001601
958,234001602
35-11,234001605
56-8,237000033
61-10,237000034
54-8,237000035
52-4,237000036
52-13,237000037
51-5(황학산),237000038
52-16,237000040
59-1,237000041
59-23,237000042
59-20,237000043
59-7,237000044
61-13,237000045
61-14,237000046
920A,237000048
920B,237000049
921,237000050
922,237000051
960A,237000055
960B,237000056
960-1A,237000057
960-1B,237000058
965-1,237000064
970,237000065
970-1,237000066
971,237000067
970B,237000068
970A,237000069
973,237000072
980-1A,237000075
980-1B,237000076
982,237000078
983,237000079
989,237000080
990A,237000081
990B,237000082
20-2,234000753
20-12,234001197
993,237000086
930A,237000088
930B,237000089
930-2A,237000090
930-2B,237000091
930-3A,237000092
930-3B,237000093
114-1,234000997
931-1,237000095
932,237000096
951,237000098
39-7,238000008
39-1,238000017
39-4,238000020
38-8,238000021
63-2,236000018
1310동서울-남서울대,241000810
57-2,236000020
6,236000021
73-2,236000022
73-1,236000024
60-2,236000027
60-4,236000028
60-5,236000030
60-7,236000031
60-8,236000032
60-10,236000033
60-9,236000034
61,236000035
61-1,236000036
55-1,236000038
30-17,222000173
6-1,236000042
1809동서울-여주,241000590
138-1,236000051
38-3,236000055
3-1,236000059
3-2,236000062
71-1,236000064
870,219000023
39-3,236000076
56-8,236000077
56-9,236000078
56-10,236000079
65,236000081
6-2,236000082
60-3,236000084
60-6,236000085
61-2,236000086
61-4,236000087
56-11,236000088
57-3,236000091
55-3,236000095
57-5,236000097
63-5,236000100
63-6,236000101
57-7,236000103
55-4,236000112
22-1,240000090
09A,226000017
5-6,240000097
8803,241007176
7-6,240000101
7-12,240000103
2000-4,240000105
11,240000106
9-9,240000107
23,240000108
2-7,240000119
3-3,240000123
8505안산-정읍,241001780
37-5,238000031
32-5,239000001
31-1,239000003
1330,239000008
32-4,239000017
32-7,239000018
1330-5,239000020
1330-3,239000022
1330-1,239000026
31-6,239000029
3203제천-정선,241007018
33-7,239000034
33-8,239000035
31-9,239000037
60-2,215000213
32-8,239000042
32-9,239000043
2000,229000021
2802속초-평택,241004200
32-1,239000049
500-1,239000053
3207대전-청주-원주,241006984
31-15,239000056
32-12,239000057
33-15,239000061
33-16,239000062
33-17,239000063
32-13,239000064
32-15,239000066
32-16,239000067
32-18,239000069
32-19,239000070
32-22,239000073
8004,239000074
32-23,239000075
32-24,239000080
32-25,239000081
9-2,236000203
87-6,236000205
87-7,236000206
302-1,214000238
11-2,236000212
6801해운대-하남,241007058
5806전주-평택,241003930
5805목포-고양,241006778
5736전주-포항,241006857
62-1,236000220
59,236000221
988-8,237000006
62-5,237000014
61-9,237000015
54-7,237000023
54-5,237000024
54-10,237000026
59-12,237000027
52-1,237000028
54-2,237000029
56-5,237000030
987-6,237000031
58-10,237000032
33-20,239000133
33-36,239000134
2-7,240000001
2-4,240000005
40-2,240000169
8,240000010
1-6,207000087
1-14,215000162
65,236000233
3-4,240000024
32-5,200000134
9-5,240000030
3,240000031
3-3,240000032
2,240000035
1219동서울-원주,241006938
1201서초-고한사북,241007001
4-3,240000052
1-32,240000129
1-19,240000134
2,227000052
4-5,240000054
4-1,240000055
1-11,240000076
2000-3,240000079
52-2,215000032
123-1,216000091
52-3,215000157
3213아산-원주,241007013
1321-1동서울-괴산,241000890
1315동서울-제-구인사,241006949
1314동서울-세종,241004610
1311동서울-무극-음성,241000650
1308동서울-충주,241003200
공영(학운리),232000020
76-7,228000210
8523부천-광양,241001110
84-2,228000140
1601동서울-청도,241007118
3208,241007229
8206하남-강릉,241006809
8416성남-송탄,241007048
33,232000076
2-2,215000169
90-2,215000199
10A,210000110
77-1,210000107
7,204000111
1319동서울-대소-진천,241000070
29,214000047
8427안산-평택,241100080
5-1,214000048
과천콜버스(DRT),220000025
2-6,215000124
50-6,215000168
24,240000109
6-8,240000022
1716동서울-후포,241007233
9203인천공항-원주,241002040
025,229000160
30-1,239000016
M7154,229000268
90,235000084
38,229000062
24-43,234001091
1600동서울-남원-남해,241006885
5205원주-전주,241002110
8221용인-태백,241004970
9270-1인천-강릉,241002441
871,219000004
8236성남-영월,241004140
8803-2부천-이천,241007142
20-22,230000112
11-1-1,229000085
27-30,234001106
27-20,234001104
27-11,234001103
27,234000538
1715동서울-군위,241007104
1228상봉-원주,241005340
8395-1서수원-제천,241001730
73-1,233000130
32-3,200000236
1323서초-대-혁-진천,241000180
8604이천-울산,241004020
8710용인-점촌-상주,241003820
61-6,215000068
61-4,215000066
1349동서울-괴산,241006819
8458부천-동아대,241001070
8724부천-상주,241001140
1321동서울-증평-괴산,241006946
1334동서울-노은-충주,241006943
1702서울-안동,241006950
1727동서울-문경-상주한방단지,241002770
1712동서울-상주,241000850
4301,241007202
9301,241007201
76,235000007
15-3,214000107
3-3,214000106
8348수원-보령,241003880
9602인천-울산,241007131
9308인천-제천,241007225
순환121B,214000266
85,227000037
085,229000269
012,210000086
1102,241007195
1-7,215000037
8555오산-광주광역,241001990
8607고양-창원,241007123
8540부천-익산,241001060
1810,241007166
2204영월-강릉,241001960
28-1,234000448
1732-1동서울-영덕,241003900
H23,233000282
015,210000081
40-11,240000172
1728동서울-영양,241000560
1731동서울-풍양-안계,241002640
9531인천-담양,241002450
169,222000165
54,215000029
9556인천-정읍,241002550
8520시흥-광주,241007228
8328성남-진천,241000040
8205여주-원주,241007035
5204전주-세종-원주,241002120
8301고양-대전,241000260
1305동서울-보령,241000980
4-1,200000101
3000C,232000125
013-1,210000083
2803속초-용인,241004950
1318동서울-제천,241000870
3-5,214000154
30-9,222000038
1721동서울-영주,241002660
1714동서울-영천,241000410
7-4,210000023
16-1,200000051
8738하남-포항,241006660
5300전세,200000311
8525성남-군산,241001360
922,229000267
M5443,200000279
53-13,215000131
117,204000167
111맞춤형,204000168
8320용인-서산,241004980
1325동서울-충북보건과학대,241000900
8727성남-포항,241007103
24-46,234001168
3030킨텍스-인천,241006926
7803동대구-이천,241004690
01,226000023
91-2,214000083
07-1,226000026
9511인천-고흥,241006837
017B,218000113
9500인천-고창,241006988
02 오매기,226000027
9709A,229000266
8201향남-강릉,241004780
8435성남-동아대,241001590
7701-1포항-예천,241007109
88-1,216000080
8456의정부-동아대,241006974
32A,225000010
8331고양-음성,241006823
1612동서울-현풍-의령,241000970
1718강남-안동,241000200
3301,241007206
74,204000114
8008강남역-동아방송대,241007158
8333고양-논산,241006895
8460고양-안산,241006806
8,221000031
700,241006370
3801천안-하남,241006810
3308대전-충주,241003270
3307대전-제천,241007027
8-1,204000106
3306청주-충주-제천,241007026
3304충주-제천,241007024
60-39,239000124
1723강남-구인사,241006927
3303청주-음성-충주,241007023
화성똑버스02,233000388
8(학통),223000133
90-3,215000200
32,225000008
30-16,222000139
32,204000113
088,229000149
087,229000148
760,223000085
38,233000086
123A,200000269
7601,241007108
7702-1,241007111
7701,241007112
1713,241007113
1708동서울-봉화-춘양2,241007116
1503,241007119
6804-1,241007121
8514,241007122
8713-1,241007124
8722-1,241007125
1710-1,241007126
6701창원-구미,241007127
6701,241007128
P9403(출근),234001717
6,214000168
1346서초-천안,241003150
23,239000079
88-1,204000086
11(학통),223000128
9321인천-진천,241000050
110,204000144
05-1,226000025
02 의왕역A,226000028
8330고양-진천,241000140
1222서초-감곡-원주,241000160
8434평택-부천,241001220
73-2,204000164
8802,241000280
4714성남-김천,241006822
4405김포-성남,241006825
8352,241006830
3600천안-부산,241006833
5403광주-동두천,241006835
4516수원-순천,241006836
02 의왕역B,226000029
1347동서울-세명대,241000880
38-1,234001018
1354,241001020
984-1,234000693
M7731,218000105
7780(퇴근예약),200000323
M2344,222000184
5-4,200000206
8702이천-점촌,241002340
58,210000041
17,233000199
32-2,200000133
32-1,200000065
53-1,215000012
75,236000182
58-4,215000028
H6006,233000280
8210수원-강릉,241004830
8857,241006661
8370부천-수안보,241001150
6201마산-강릉,241006897
8387-1수원-충주,241101640
8325여주-청주,241001940
8324수원-충주,241001680
8323성남-수안보,241001530
8316이천-음성,241002970
8309하남-대전,241003470
8304성남-구인사,241006815
3209대전-원주,241006985
3205충주-강릉,241006860
3204청주-원주,241007019
1506동서울-군산,241000760
7804동대구-여주,241006902
20-1,230000101
50-6,239000106
3005도봉산-와수리,241004260
H2,233000283
2804춘천-용인,241004910
707,223000027
1212동서울-원-태백,241006935
86-1,236000209
6805용인-울산,241007149
8519안양-목포,241001860
8711-1성남-예천,241006979
8726동두천-동대구,241007114
8817성남-여주,241001480
3904청주-김포,241003950
8725용인-포항,241006796
8739하남-동대구,241007115
8362하남-청주,241004650
073,229000163
33-2,233000126
1703강남-영주,241000220
123D,200000277
24-61,230000086
1-18,240000133
017-1,210000088
8312안성-천안,241001820
8314고양-보령,241003430
8341부천-청주,241001200
8347고양-청주,241006966
8353이천-음성,241002971
8361수원-충주,241001681
8522부천-광양,241006853
8536이천-군산,241003620
8537고양-안산-군산,241000290
8539부천-전주,241001080
27-3,200000259
27-2,200000256
27-5,200000260
8459-1,241007236
9201강릉-인천공항,241006952
8-3,223000005
27-31,234000545
N5300-1(성남-인천공항),241007218
8378안산-제천,241001800
8391오산-제천,241002000
8711성남-점촌-상주,241001370
8302대전-안산-시흥,241006964
8503고양-정읍,241000270
8705고양-포항,241004640
8718의정부-포항,241004000
8724-1부천-상주,241006980
8740안산-충주-점촌,241007067
8747고양-상주,241006887
8802-1고양-여주,241006972
1709동서울-경북도청,241002800
7007-1,234000311
1725동서울-주왕산,241000570
66,204000165
12-3,234001584
12-2,234001583
12-1,234001582
11-1,232000120
1-1,236000229
8601고양-울산,241006803
8605부천-서부산,241006986
1324동서울-제천,241000670
1322동서울-무극-음성,241000430
8606부천-서부산,241006842
8807안성-여주,241007085
3812천안-여주,241006983
3811청주-양평,241001910
1224동서울-양양-속초,241006991
1225동서울-양평-횡성,241006992
1332동서울-맹동,241003750
1337동서울-당진,241006844
1344-1동서울-수안보,241007156
1344동서울-충주,241006944
1202동서울-홍천-속초,241007014
2100춘천-강남,241000240
1331서초-대소-무극-음성,241000190
2806춘천-성남,241001570
9202태백-인천공항,241003860
8928여주-인천공항,241005930
8813인천-이천,241002270
8808이천-양평,241007160
8722부천-안동,241001030
27-40,234001107
7603동대구-울산,241007134
8511,241007097
8713고양-안동,241006776
1316동서울-제천,241007081
1704동서울-영주,241002860
940,214000166
40-11,239000059
170,222000221
1302동서울-수안보,241001000
55-2,236000040
8241부천-속초,241001160
7770(퇴근예약),200000322
69,232000016
8865부천-향남,241006862
9273인천-강릉,241006400
1345-1동서울-충주,241000930
1345동탄-충주,241001980
1356동서울-충주,241006981
1504동서울-영광-진도,241003870
1505동서울-해남,241000420
3211당진-원주,241004420
3000,232000061
2808고양(백석)-삼척,241007083
2805고양-삼척,241006925
2800원주-평택,241004400
2807춘천-이천,241004680
9275인천-원주,241002090
9338-1인천-수안보,241006982
9338-2인천-수안보,241102580
1705동서울-상주,241000500
8304-1하남-제천,241007161
8351성남-천안,241001460
5604,224000040
S3355,204000137
8355의정부-세종,241006901
3301,241007231
8224평택-강릉,241002700
8202이천-강릉,241006812
8200안양-원주,241007034
9506인천-완도,241007163
017,210000087
55,215000014
082,229000161
8803부천-이천(청강대),241007082
1800강남역-이천,241004040
036,229000152
33B,214000253
8154서초-평택항,241003400
3700의정부-김포공항,241006020
1711동서울-점촌,241007138
9346인천-증평,241006871
7,200000039
08,226000011
96-1,221000025
03,226000002
9338인천-수안보,241002580
10,214000195
5-5,214000226
5-3,214000228
94,214000085
8241-1안양-속초,241006961
8284철산역-속초,241004460
1701강남-경북도청,241003640
1216동서울-영월,241002230
2-1,215000119
81-1,235000024
9740인천-상주,241002500
9803인천-평택,241003890
22,232000070
034,229000150
5-1,214000227
55,214000224
88-3,214000249
77-1,214000202
16-1,214000240
16,214000198
15,214000197
8311고양-천안,241000340
812,204000175
26출퇴근,222000206
60-1,215000053
10-1,204000099
27,214000046
5,234000007
99,214000199
8246고양-원주,241000320
88,204000169
150,233000253
3903북부-인천,241006880
7-5,214000147
7-4,214000017
52-1,215000009
4201,241007196
32-26,239000083
31-19,239000085
33-19,239000086
33-20,239000087
33-21,239000088
33-22,239000089
33-23,239000090
33-24,239000091
33-25,239000092
33-26,239000093
33-27,239000094
33-29,239000095
33-30,239000096
33-31,239000097
33-32,239000098
33-33,239000099
33-34,239000100
8524부천-전주,241001190
33-36,239000102
100,239000103
8529의정부-전주,241002180
200,239000105
31-21,239000107
31-22,239000108
31-19,239000113
33-50,239000114
33-51,239000115
33-52,239000116
33-53,239000117
33-54,239000118
32-2,239000126
2-4,215000122
8601A,232000098
57-1,214000013
7603-1동대구-방어진,241007133
7-8,214000250
3-1,214000003
1317동서울-구인사(경기2),241007136
3,214000002
3-2,214000163
23-1,210000029
8131-1,241007145
57-2,214000034
57,214000012
8440-1부천-청강대대,241007154
8436-1동두천-이천,241007155
6202-1,241007157
1809동서울-여주,241006955
8204하남-원주,241007162
8339안양-태안,241006270
8860,241006330
53-2,215000228
9320인천-진천,241006420
8357부천-청주,241006430
8723부천-대구,241006460
400-4,200000183
33,240000194
8816,241006540
8261부천-원주,241003730
8345,241006838
1500동서울-김제-부안,241006839
8286파주-강릉,241006846
3000B,232000124
7002잠실-유명산,241006851
7802,241006852
3000A(전세),232000123
24-47,234001559
1301,241007198
33-24,239000127
31-1,239000128
33-19,239000130
33-8,239000131
32-16,239000132
2501홍천-광주광역,241003460
8322,241003480
4705용인-안동,241003500
3300성남-전곡,241003600
30-9,239000137
4305성남-이천-대소,241003700
8545부천-안양-전주,241001170
2301원주-당진-태안,241003810
8712,241004430
4701성남-상주,241004450
8507고양-정읍,241006977
100-2,214000028
7702포항-예천,241007110
4300,241004710
4000,241004720
4200-1,241004730
4100,241004740
330-1,233000084
20-11,234001196
P9403(퇴근),234001718
7001잠실-청심병원,241006780
4200,241006791
5200전세,200000310
1711동서울-문경-점촌,241000440
1708동서울-춘양,241000450
1612-1,241000490
1601,241000520
1720동서울-원주-안동,241000710
8848하남-강변역-인천공항,241007147
8430안산-수원-증평,241006861
8459안산-안성,241003420
1737강남-영덕,241006864
1240동서울-춘천-양구,241006870
6002-1B,233000353
9500(인천공항-정읍),241006855
3805,241007078
3210,241007080
8397,241007084
6203창원-원주,241007089
1357김포공항-연무대(논산),241007096
87-2,236000199
105-2,222000208
109-1,204000104
2801인천공항-강릉,241103010
9343,241103250
7100-1동두천-인천공항,241105900
8467,241106360
8358부천-청주,241106430
2801인천공항-강릉,241203010
8281인천-철원,241005630
1232동서울-화천,241005660
8245평택-춘천,241005680
8257수원-서수원-가평,241005730
7000잠실역-청평,241005760
3805인천공항-충주,241005860
1348서초-충주,241006797
8502문산-광주광역,241006798
1332서초-충북보건대,241006800
9501,241006805
7(학통),223000141
30(학통),223000131
1719,241006813
1203동서울-강릉,241001500
72,219000021
12(학통),223000129
88-4,240000166
5202순천-춘천,241006882
6202김해-원주,241006883
4300-1,241006888
9242인천-춘천,241006891
8527,241006848
8584부천-구례,241006896
3212,241006898
9502,241006899
1301동서울-월악산,241000780
8142,241000800
1350동서울-영동,241007099
1719-1,241007100
51-1,210000090
8518성남-광양,241002820
013,210000082
9810인천-평택,241002490
51-2,210000091
51,210000089
2801삼척-성남,241006814
4800,241003000
2801인천공항-강릉,241003010
땡큐32,222000219
9553-1,241003110
9343-1,241003250
